country,region,happiness_2015,gdp_2015,health_2015,generosity_2015,social_2015,corruption_2015,happiness_2016,gdp_2016,health_2016,generosity_2016,social_2016,corruption_2016,happiness_2017,gdp_2017,health_2017,generosity_2017,social_2017,corruption_2017,happiness_2018,gdp_2018,health_2018,generosity_2018,social_2018,corruption_2018,happiness_2019,gdp_2019,health_2019,generosity_2019,social_2019,corruption_2019
Afghanistan,Southern Asia,3.575,0.31982,0.30335,0.3651,0.30285,0.09719,3.36,0.38227,0.17344,0.31268,0.11037,0.07112,3.79399991035461,0.401477217674255,0.180746778845787,0.311870932579041,0.581543326377869,0.0611578300595284,3.632,0.332,0.255,0.191,0.537,0.036,3.203,0.35,0.361,0.158,0,0.025
Albania,Central and Eastern Europe,4.959,0.87867,0.81325,0.14272,0.80434,0.06413,4.655,0.9553,0.73007,0.1684,0.50163,0.05301,4.64400005340576,0.996192753314972,0.731159746646881,0.201312944293022,0.803685247898102,0.0398642159998417,4.586,0.916,0.79,0.149,0.817,0.032,4.719,0.947,0.874,0.178,0.383,0.027
Algeria,Middle East and Northern Africa,5.605,0.93929,0.61766,0.07822,1.07772,0.17383,6.355,1.05266,0.61804,0.07044,0.83309,0.16157,5.87200021743774,1.09186446666718,0.617584645748138,0.0694366469979286,1.1462174654007,0.146096110343933,5.295,0.979,0.687,0.055,1.154,0.135,5.211,1.002,0.785,0.073,0.086,0.114
Argentina,Latin America and Caribbean,6.574,1.05351,0.78723,0.11451,1.24823,0.08484,6.65,1.15137,0.69711,0.10989,1.06612,0.07296,6.59899997711182,1.18529546260834,0.695137083530426,0.109457060694695,1.44045114517212,0.059739887714386,6.388,1.073,0.744,0.062,1.468,0.054,6.086,1.092,0.881,0.066,0.471,0.05
Armenia,Central and Eastern Europe,4.35,0.76821,0.7299,0.07855,0.77711,0.039,4.36,0.86086,0.64083,0.07793,0.62477,0.03616,4.37599992752075,0.900596737861633,0.637524425983429,0.0834880918264389,1.00748372077942,0.0266744215041399,4.321,0.816,0.666,0.077,0.99,0.028,4.559,0.85,0.815,0.095,0.283,0.064
Australia,Australia and New Zealand,7.284,1.33358,0.93156,0.43562,1.30923,0.35637,7.313,1.44443,0.8512,0.47407,1.10476,0.32331,7.28399991989136,1.484414935112,0.84388679265976,0.477699249982834,1.51004195213318,0.301183730363846,7.272,1.34,0.91,0.361,1.573,0.302,7.228,1.372,1.036,0.332,0.557,0.29
Austria,Western Europe,7.2,1.33723,0.89042,0.33088,1.29704,0.18676,7.119,1.45038,0.80565,0.32865,1.08383,0.21348,7.00600004196167,1.48709726333618,0.81532841920852706,0.316472321748734,1.4599449634552,0.221060365438461,7.139,1.341,0.891,0.242,1.504,0.224,7.246,1.376,1.016,0.244,0.532,0.226
Azerbaijan,Central and Eastern Europe,5.212,1.02389,0.64045,0.07799,0.93793,0.16065,5.291,1.12373,0.54504,0.0564,0.76042,0.17914,5.23400020599365,1.15360176563263,0.540775775909424,0.0452693402767181,1.15240025520325,0.180987507104874,5.201,1.024,0.603,0.031,1.161,0.176,5.208,1.043,0.769,0.035,0.351,0.182
Bahrain,Middle East and Northern Africa,5.96,1.32376,0.74716,0.17362,1.21624,0.306,6.218,1.44024,0.65696,0.17147,0.94397,0.25772,6.08699989318848,1.48841226100922,0.653133034706116,0.172668486833572,1.32311046123505,0.257042169570923,6.105,1.338,0.698,0.243,1.366,0.123,6.199,1.362,0.871,0.255,0.536,0.11
Bangladesh,Southern Asia,4.694,0.39753,0.60164,0.21222,0.43106,0.12569,4.643,0.54177,0.52989,0.19132,0.24749,0.12583,4.60799980163574,0.586682975292206,0.533241033554077,0.172255352139473,0.735131740570068,0.123717859387398,4.5,0.532,0.579,0.153,0.85,0.144,4.456,0.562,0.723,0.166,0.527,0.143
Belarus,Central and Eastern Europe,5.813,1.03192,0.73608,0.11046,1.23289,0.1909,5.802,1.13062,0.63104,0.13942,1.04993,0.17457,5.56899976730347,1.15655755996704,0.637714266777039,0.15513750910759,1.44494521617889,0.156313821673393,5.483,1.039,0.7,0.101,1.498,0.154,5.323,1.067,0.789,0.094,0.235,0.142
Belgium,Western Europe,6.937,1.30782,0.89667,0.2225,1.28566,0.2254,6.929,1.42539,0.81959,0.2424,1.05249,0.26248,6.89099979400635,1.46378076076508,0.818091869354248,0.231503337621689,1.46231269836426,0.251343131065369,6.927,1.324,0.894,0.188,1.483,0.24,6.923,1.356,0.986,0.16,0.473,0.21
Benin,Sub-Saharan Africa,3.34,0.28665,0.3191,0.1826,0.35386,0.0801,3.484,0.39499,0.21028,0.2018,0.10419,0.06681,3.65700006484985,0.431085407733917,0.209930211305618,0.207948461174965,0.435299843549728,0.0609290152788162,4.141,0.378,0.24,0.163,0.372,0.067,4.883,0.393,0.397,0.175,0.349,0.082
Bhutan,Southern Asia,5.253,0.77042,0.57407,0.47998,1.10395,0.15445,5.196,0.8527,0.49759,0.48546,0.90836,0.1616,5.01100015640259,0.885416388511658,0.495879292488098,0.474054545164108,1.34012651443481,0.173380389809608,5.082,0.796,0.527,0.364,1.335,0.171,5.082,0.813,0.604,0.37,0.457,0.167
Bolivia,Latin America and Caribbean,5.89,0.68133,0.5392,0.20536,0.97841,0.088,5.822,0.79422,0.4697,0.21698,0.83779,0.07746,5.82299995422363,0.833756566047668,0.473630249500275,0.22556072473526,1.22761905193329,0.0604777261614799,5.752,0.751,0.508,0.141,1.223,0.054,5.779,0.776,0.706,0.137,0.511,0.064
Bosnia and Herzegovina,Central and Eastern Europe,4.949,0.83223,0.79081,0.24808,0.91916,0.00227,5.163,0.93383,0.70766,0.29889,0.64367,0,5.18200016021729,0.982409417629242,0.705186307430267,0.328867495059967,1.0693359375,0,5.129,0.915,0.758,0.216,1.078,0,5.386,0.945,0.845,0.263,0.212,0.006
Botswana,Sub-Saharan Africa,4.332,0.99355,0.04776,0.10461,1.10464,0.12474,3.974,1.09426,0.34752,0.12425,0.89186,0.10769,3.76600003242493,1.12209415435791,0.341755509376526,0.0993484482169151,1.22155499458313,0.0985831990838051,3.59,1.017,0.417,0.042,1.174,0.092,3.488,1.041,0.538,0.025,0.455,0.1
Brazil,Latin America and Caribbean,6.983,0.98124,0.69702,0.14574,1.23287,0.17521,6.952,1.08754,0.61415,0.15776,1.03938,0.14166,6.63500022888184,1.10735321044922,0.616552352905273,0.16234989464283,1.43130600452423,0.111092761158943,6.419,0.986,0.675,0.11,1.474,0.088,6.3,1.004,0.802,0.099,0.39,0.086
Bulgaria,Central and Eastern Europe,4.218,1.01216,0.76649,0.11921,1.10614,0.00872,4.217,1.11306,0.67806,0.12793,0.92542,0.00615,4.71400022506714,1.1614590883255,0.708217680454254,0.113177694380283,1.43437945842743,0.0110515309497714,4.933,1.054,0.712,0.064,1.515,0.009,5.011,1.092,0.815,0.081,0.311,0.004
Burkina Faso,Sub-Saharan Africa,3.587,0.25812,0.27125,0.21747,0.85188,0.12832,3.739,0.31995,0.21297,0.24353,0.63054,0.12533,4.03200006484985,0.3502277135849,0.215844258666039,0.250864684581757,1.04328000545502,0.120328105986118,4.424,0.314,0.254,0.175,1.097,0.128,4.587,0.331,0.38,0.177,0.255,0.113
Burundi,Sub-Saharan Africa,2.905,0.0153,0.22396,0.19727,0.41587,0.10062,2.905,0.06831,0.15747,0.2029,0.23442,0.09419,2.90499997138977,0.091622568666935,0.151610791683197,0.204435184597969,0.629793584346771,0.0841479450464249,2.905,0.091,0.145,0.149,0.627,0.076,3.775,0.046,0.38,0.176,0.22,0.18
Cambodia,Southeastern Asia,3.819,0.46038,0.61114,0.40359,0.62736,0.07247,3.907,0.55604,0.42494,0.40339,0.5375,0.08092,4.16800022125244,0.601765096187592,0.429783403873444,0.385922968387604,1.00623834133148,0.0681059509515762,4.433,0.549,0.457,0.256,1.088,0.065,4.7,0.574,0.637,0.232,0.609,0.062
Cameroon,Sub-Saharan Africa,4.252,0.4225,0.23402,0.20618,0.88767,0.05786,4.513,0.52497,0.12698,0.2268,0.62542,0.06126,4.69500017166138,0.564305365085602,0.132892116904259,0.236298456788063,0.946018218994141,0.0513066314160824,4.975,0.535,0.182,0.183,0.891,0.043,5.044,0.549,0.331,0.187,0.381,0.037
Canada,North America,7.427,1.32629,0.90563,0.45811,1.32261,0.32957,7.404,1.44015,0.8276,0.44834,1.0961,0.31329,7.31599998474121,1.47920441627502,0.83455765247345,0.435539722442627,1.48134899139404,0.287371516227722,7.328,1.33,0.896,0.321,1.532,0.291,7.278,1.365,1.039,0.285,0.584,0.308
Chad,Sub-Saharan Africa,3.667,0.34193,0.1501,0.18386,0.76062,0.05269,3.763,0.42214,0.03824,0.18667,0.63178,0.04952,3.93600010871887,0.438012987375259,0.0411347150802612,0.216113850474358,0.953855872154236,0.0535818822681904,4.301,0.358,0.053,0.181,0.907,0.06,4.35,0.35,0.192,0.198,0.174,0.078
Chile,Latin America and Caribbean,6.67,1.10715,0.85857000000000006,0.33363,1.12447,0.12869,6.705,1.2167,0.81883,0.31595,0.90587,0.11451,6.65199995040894,1.25278460979462,0.819479703903198,0.326662421226501,1.28402495384216,0.0822879821062088,6.476,1.131,0.808,0.197,1.331,0.061,6.444,1.159,0.92,0.187,0.357,0.056
China,Eastern Asia,5.14,0.89012,0.81658,0.08185,0.94675,0.02781,5.245,1.0278,0.73561,0.04959,0.79381,0.02745,5.27299976348877,1.08116579055786,0.741415500640869,0.0288068410009146,1.16083741188049,0.0227942746132612,5.246,0.989,0.799,0.029,1.142,0.103,5.191,1.029,0.893,0.058,0.521,0.1
Colombia,Latin America and Caribbean,6.477,0.91861,0.69077,0.18401,1.24018,0.0512,6.481,1.03032,0.59659,0.15626,1.02169,0.05399,6.35699987411499,1.07062232494354,0.595027923583984,0.149014472961426,1.4021829366684,0.0466687418520451,6.26,0.96,0.635,0.099,1.439,0.039,6.125,0.985,0.841,0.099,0.47,0.034
Congo (Brazzaville),Sub-Saharan Africa,3.989,0.67866,0.31051,0.12388,0.6629,0.11686,4.236,0.77109,0.28212,0.12077,0.47799,0.09753,4.29099988937378,0.808964252471924,0.28995743393898,0.120852127671242,0.832044363021851,0.0796181336045265,4.559,0.682,0.343,0.091,0.811,0.077,4.812,0.673,0.508,0.105,0.372,0.093
Congo (Kinshasa),Sub-Saharan Africa,4.517,0,0.09806,0.24834,1.0012,0.07625,4.272,0.05661,0.188,0.25458,0.80676,0.06075,4.28000020980835,0.0921023488044739,0.191407024860382,0.246455833315849,1.22902345657349,0.0602413564920425,4.245,0.069,0.204,0.197,1.136,0.052,4.418,0.094,0.357,0.212,0.269,0.053
Costa Rica,Latin America and Caribbean,7.226,0.95578,0.86027,0.25497,1.23788,0.10583,7.087,1.06879,0.76146,0.22553,1.02152,0.10547,7.0789999961853,1.10970628261566,0.759509265422821,0.214613229036331,1.41640365123749,0.100106589496136,7.072,1.01,0.817,0.143,1.459,0.101,7.167,1.034,0.963,0.144,0.558,0.093
Croatia,Central and Eastern Europe,5.759,1.08254,0.78805,0.05444,0.79624,0.0243,5.488,1.18649,0.70524,0.18434,0.60809,0.04002,5.29300022125244,1.22255623340607,0.701288521289825,0.248002976179123,0.96798300743103,0.0431031100451946,5.321,1.115,0.737,0.12,1.161,0.039,5.432,1.155,0.914,0.119,0.296,0.022
Cyprus,Western Europe,5.689,1.20813,0.92356,0.30638,0.89318,0.06146,5.546,1.31857,0.8488,0.27906,0.70697,0.05228,5.62099981307983,1.35593807697296,0.84471470117569,0.271254301071167,1.13136327266693,0.0412379764020443,5.762,1.229,0.909,0.202,1.191,0.035,6.046,1.263,1.042,0.19,0.406,0.041
Czech Republic,Central and Eastern Europe,6.505,1.17898,0.84483,0.10686,1.20643,0.02652,6.596,1.30915,0.76376,0.09929,1.00793,0.03986,6.60900020599365,1.35268235206604,0.754444003105164,0.0881067588925362,1.43388521671295,0.0368729270994663,6.711,1.233,0.854,0.064,1.489,0.034,6.852,1.269,0.92,0.046,0.457,0.036
Denmark,Western Europe,7.527,1.32548,0.87464,0.34139,1.36058,0.48357,7.526,1.44178,0.79504,0.36171,1.16374,0.44453,7.52199983596802,1.48238301277161,0.792565524578094,0.355280488729477,1.55112159252167,0.40077006816864,7.555,1.351,0.868,0.284,1.59,0.408,7.6,1.383,0.996,0.252,0.592,0.41
Dominican Republic,Latin America and Caribbean,4.885,0.89537,0.66825,0.21684,1.17202,0.14234,5.155,1.02787,0.57669,0.21286,0.99496,0.12372,5.23000001907349,1.07937383651733,0.574873745441437,0.186967849731445,1.40241670608521,0.113945253193378,5.302,0.982,0.614,0.12,1.441,0.106,5.425,1.015,0.779,0.113,0.497,0.101
Ecuador,Latin America and Caribbean,5.975,0.86402,0.79075,0.11541,0.99903,0.1809,5.976,0.97306,0.68613,0.10074,0.85974,0.18037,6.00799989700317,1.00082039833069,0.685636222362518,0.150112465023994,1.28616881370544,0.140134647488594,5.973,0.889,0.736,0.114,1.33,0.12,6.028,0.912,0.868,0.126,0.498,0.087
Egypt,Middle East and Northern Africa,4.194,0.8818,0.61712,0.11291,0.747,0.06324,4.362,0.95395,0.52116,0.12706,0.49813,0.10393,4.7350001335144,0.989701807498932,0.520187258720398,0.128631442785263,0.997471392154694,0.114381365478039,4.419,0.885,0.553,0.092,1.025,0.107,4.166,0.913,0.644,0.076,0.241,0.067
El Salvador,Latin America and Caribbean,6.13,0.76454,0.67737,0.10692,1.02507,0.11776,6.068,0.8737,0.596,0.08877,0.80975,0.10613,6.00299978256226,0.909784495830536,0.596018552780151,0.0782579854130745,1.18212509155273,0.0899809598922729,6.167,0.806,0.639,0.065,1.231,0.082,6.253,0.794,0.789,0.093,0.43,0.074
Estonia,Central and Eastern Europe,5.429,1.15174,0.77361,0.0868,1.22791,0.15184,5.517,1.2796400000000001,0.68098,0.08423,1.05163,0.18519,5.61100006103516,1.32087934017181,0.695168316364288,0.0988908112049103,1.47667109966278,0.183248922228813,5.739,1.2,0.737,0.086,1.532,0.174,5.893,1.237,0.874,0.103,0.495,0.161
Ethiopia,Sub-Saharan Africa,4.512,0.19073,0.44055,0.24325,0.60406,0.15048,4.508,0.29283,0.34578,0.29522,0.37932,0.1717,4.46000003814697,0.339233845472336,0.353409707546234,0.312650740146637,0.86466920375824,0.165455713868141,4.35,0.308,0.391,0.22,0.95,0.146,4.286,0.336,0.532,0.209,0.344,0.1
Finland,Western Europe,7.406,1.29025,0.88911,0.23351,1.31826,0.41372,7.413,1.40598,0.81091,0.25492,1.13464,0.41004,7.4689998626709,1.44357192516327,0.80915766954422,0.24548277258873,1.5402467250824,0.38261154294014,7.632,1.305,0.874,0.202,1.592,0.393,7.769,1.34,0.986,0.153,0.596,0.393
France,Western Europe,6.575,1.27778,0.94579,0.12332,1.26038,0.20646,6.478,1.39488,0.83795,0.1216,1.00508,0.17808,6.44199991226196,1.43092346191406,0.844465851783752,0.129762306809425,1.38777685165405,0.172502428293228,6.489,1.293,0.908,0.098,1.466,0.176,6.592,1.324,1.045,0.111,0.436,0.183
Gabon,Sub-Saharan Africa,3.896,1.06024,0.43372,0.06822,0.90528,0.11091,4.121,1.15851,0.3494,0.06244,0.72368,0.09314,4.46500015258789,1.1982102394104,0.356578588485718,0.0437853783369064,1.1556202173233,0.0760467872023582,4.758,1.036,0.404,0.032,1.164,0.052,4.799,1.057,0.571,0.043,0.295,0.055
Georgia,Central and Eastern Europe,4.297,0.7419,0.72926,0.05547,0.38562,0.38331,4.252,0.83792,0.64035,0.06786,0.19249,0.3188,4.28599977493286,0.950612664222717,0.649546980857849,0.0540088154375553,0.57061493396759,0.251666635274887,4.34,0.853,0.643,0.038,0.592,0.215,4.519,0.886,0.752,0.043,0.346,0.164
Germany,Western Europe,6.75,1.32792,0.89186,0.28214,1.29937,0.21843,6.994,1.44787,0.81487,0.30452,1.09774,0.28551,6.95100021362305,1.48792338371277,0.798950731754303,0.336269170045853,1.4725203514099101,0.276731938123703,6.965,1.34,0.861,0.273,1.474,0.28,6.985,1.373,0.987,0.261,0.495,0.265
Ghana,Sub-Saharan Africa,4.633,0.54558,0.40132,0.23087,0.67954,0.04355,4.276,0.63107,0.29681,0.21203,0.49353,0.0326,4.11999988555908,0.667224824428558,0.295637726783752,0.256923943758011,0.873664736747742,0.0253363698720932,4.657,0.592,0.337,0.212,0.896,0.029,4.996,0.611,0.486,0.245,0.381,0.04
Greece,Western Europe,4.857,1.15406,0.88213,0,0.92933,0.01397,5.033,1.24886,0.80029,0,0.75473,0.04127,5.22700023651123,1.28948748111725,0.810198903083801,0,1.23941457271576,0.04328977689147,5.358,1.154,0.879,0,1.202,0.044,5.287,1.181,0.999,0,0.067,0.034
Guatemala,Latin America and Caribbean,6.123,0.74553,0.64425,0.27489,1.04356,0.09472,6.324,0.83454,0.54039,0.28808,0.87119,0.08701,6.4539999961853,0.872001945972443,0.540239989757538,0.283488392829895,1.25558519363403,0.0772232785820961,6.382,0.781,0.608,0.179,1.268,0.071,6.436,0.8,0.746,0.175,0.535,0.078
Guinea,Sub-Saharan Africa,3.656,0.17417,0.24009,0.28657,0.46475,0.12139,3.607,0.22415,0.18829,0.29914,0.3109,0.1192,3.50699996948242,0.244549930095673,0.194129139184952,0.264815092086792,0.791244685649872,0.110937617719173,3.964,0.344,0.211,0.185,0.792,0.094,4.534,0.38,0.375,0.207,0.332,0.086
Haiti,Latin America and Caribbean,4.518,0.26673,0.38847,0.46187,0.74302,0.17175,4.028,0.34097,0.27494,0.47958,0.29561,0.14476,3.6029999256134,0.368610262870789,0.277321130037308,0.489203780889511,0.640449821949005,0.0998721495270729,3.582,0.315,0.289,0.392,0.714,0.104,3.597,0.323,0.449,0.419,0.026,0.11
Honduras,Latin America and Caribbean,4.788,0.59532,0.6951,0.23027,0.95348,0.06825,4.871,0.69429,0.58383,0.2044,0.75596,0.06906,5.18100023269653,0.730573117733002,0.582569479942322,0.236188873648643,1.14394497871399,0.0733454525470734,5.504,0.62,0.622,0.197,1.205,0.074,5.86,0.642,0.828,0.246,0.507,0.078
Hong Kong,Eastern Asia,5.474,1.38604,1.01328,0.39478,1.05818,0.37124,5.458,1.5107,0.95277,0.40097,0.87021,0.31647,5.47200012207031,1.55167484283447,0.943062424659729,0.374465793371201,1.26279091835022,0.293933749198914,5.43,1.405,1.03,0.246,1.29,0.291,5.43,1.438,1.122,0.258,0.44,0.287
Hungary,Central and Eastern Europe,4.8,1.12094,0.75905,0.128,1.20215,0.02758,5.145,1.24142,0.67608,0.099,0.93164,0.04472,5.32399988174438,1.2860119342804,0.687763452529907,0.0784016624093056,1.34313309192657,0.0366369374096394,5.62,1.171,0.732,0.061,1.401,0.022,5.758,1.201,0.828,0.081,0.199,0.02
Iceland,Western Europe,7.561,1.30232,0.94784,0.4363,1.40223,0.14145,7.501,1.42666,0.86733,0.47678,1.18326,0.14975,7.50400018692017,1.480633020401,0.833552122116089,0.475540220737457,1.6105740070343,0.153526559472084,7.495,1.343,0.914,0.353,1.644,0.138,7.494,1.38,1.026,0.354,0.591,0.118
India,Southern Asia,4.565,0.64499,0.51529,0.26475,0.38174,0.08492,4.404,0.74036,0.45091,0.25028,0.29247,0.08722,4.31500005722046,0.792221248149872,0.455427616834641,0.231538489460945,0.754372596740723,0.0922268852591515,4.19,0.721,0.485,0.172,0.747,0.093,4.015,0.755,0.588,0.2,0.498,0.085
Indonesia,Southeastern Asia,5.399,0.82827,0.63793,0.51535,1.08708,0,5.314,0.95104,0.49374,0.56521,0.87625,0.00322,5.26200008392334,0.995538592338562,0.492345720529556,0.611704587936401,1.27444469928741,0.0153171354904771,5.093,0.899,0.522,0.484,1.215,0.018,5.192,0.931,0.66,0.498,0.491,0.028
Iran,Middle East and Northern Africa,4.686,1.0088,0.69805,0.38086,0.54447,0.05863,4.813,1.11758,0.64232,0.38538,0.38857,0.0557,4.69199991226196,1.15687310695648,0.639333188533783,0.387242913246155,0.711551249027252,0.048761073499918,4.707,1.059,0.691,0.282,0.771,0.129,4.548,1.1,0.785,0.27,0.305,0.125
Iraq,Middle East and Northern Africa,4.677,0.98549,0.60237,0.17922,0.81889,0.13788,4.575,1.07474,0.51076,0.19589,0.59205,0.13636,4.49700021743774,1.10271048545837,0.50118046998977706,0.19963726401329,0.978613197803497,0.107215754687786,4.456,1.01,0.536,0.148,0.971,0.095,4.437,1.043,0.574,0.148,0.241,0.089
Ireland,Western Europe,6.94,1.33596,0.89533,0.45901,1.36948,0.28703,6.907,1.48341,0.81455,0.44963,1.16157,0.29754,6.97700023651123,1.53570663928986,0.80978262424469,0.42785832285881,1.55823111534119,0.29838815331459,6.977,1.448,0.876,0.307,1.583,0.306,7.021,1.499,0.999,0.298,0.516,0.31
Israel,Middle East and Northern Africa,7.278,1.22857,0.91387,0.33172,1.22393,0.07785,7.267,1.33766,0.84917,0.32288,0.99537,0.08728,7.21299982070923,1.37538242340088,0.83840399980545,0.330082654953003,1.37628996372223,0.0852421000599861,6.814,1.301,0.883,0.354,1.559,0.272,7.139,1.276,1.029,0.261,0.371,0.082
Italy,Western Europe,5.948,1.25114,0.95446,0.22823,1.19777,0.02901,5.977,1.35495,0.85102,0.16684,1.04167,0.02556,5.96400022506714,1.39506661891937,0.853144347667694,0.17278964817524,1.44492328166962,0.0280280914157629,6,1.264,0.946,0.137,1.501,0.028,6.223,1.294,1.039,0.158,0.231,0.03
Ivory Coast,Sub-Saharan Africa,3.655,0.46534,0.15185,0.20165,0.77115,0.17922,3.916,0.55507,0.04476,0.20338,0.57576,0.1553,4.17999982833862,0.603048920631409,0.0486421696841717,0.201237469911575,0.904780030250549,0.130061775445938,4.671,0.541,0.08,0.146,0.872,0.103,4.944,0.569,0.232,0.154,0.352,0.09
Jamaica,Latin America and Caribbean,5.709,0.81038,0.68741,0.2123,1.15102,0.02299,5.51,0.89333,0.59469,0.22245,0.96372,0.04294,5.31099987030029,0.925579309463501,0.641022384166718,0.233818337321281,1.36821806430817,0.0552677810192108,5.89,0.819,0.693,0.096,1.493,0.031,5.89,0.831,0.831,0.107,0.49,0.028
Japan,Eastern Asia,5.987,1.27074,0.99111,0.10705,1.25712,0.1806,5.921,1.38007,0.91491,0.10224,1.06054,0.18985,5.92000007629395,1.41691517829895,0.913475871086121,0.12057276815176,1.43633782863617,0.163760736584663,5.915,1.294,0.988,0.079,1.462,0.15,5.886,1.327,1.088,0.069,0.445,0.14
Jordan,Middle East and Northern Africa,5.192,0.90198,0.69639,0.11053,1.05392,0.14293,5.303,0.99673,0.60712,0.14262,0.86216,0.13297,5.33599996566772,0.991012394428253,0.604590058326721,0.172170460224152,1.23908889293671,0.11980327218771,5.161,0.822,0.645,0.13,1.265,0.134,4.906,0.837,0.815,0.11,0.383,0.13
Kazakhstan,Central and Eastern Europe,5.855,1.12254,0.64368,0.11827,1.12241,0.08454,5.919,1.22943,0.57386,0.15011,0.95544,0.11132,5.81899976730347,1.28455626964569,0.606041550636292,0.201964423060417,1.38436901569366,0.119282886385918,5.79,1.143,0.631,0.148,1.516,0.121,5.809,1.173,0.729,0.146,0.41,0.096
Kenya,Sub-Saharan Africa,4.419,0.36471,0.41435,0.37542,0.99876,0.05839,4.356,0.52267,0.30147,0.41328,0.7624,0.06686,4.55299997329712,0.560479462146759,0.309988349676132,0.444860309362411,1.06795072555542,0.0646413192152977,4.41,0.493,0.454,0.352,1.048,0.055,4.509,0.512,0.581,0.372,0.431,0.053
Kosovo,Central and Eastern Europe,5.589,0.80148,0.63132,0.2831,0.81198,0.04741,5.401,0.90145,0.54,0.27992,0.66062,0.06547,5.27899980545044,0.951484382152557,0.541452050209045,0.319931447505951,1.13785350322723,0.0574716180562973,5.662,0.855,0.578,0.274,1.23,0.023,6.1,0.882,0.758,0.262,0.489,0.006
Kuwait,Middle East and Northern Africa,6.295,1.55422,0.72492,0.16228,1.16594,0.25609,6.239,1.61714,0.63569,0.15965,0.87758,0.23669,6.10500001907349,1.63295245170593,0.632105708122253,0.228289797902107,1.25969874858856,0.215159550309181,6.083,1.474,0.675,0.167,1.301,0.106,6.021,1.5,0.808,0.142,0.493,0.097
Kyrgyzstan,Central and Eastern Europe,5.286,0.47428,0.65088,0.3003,1.15115,0.04232,5.185,0.56044,0.55449,0.38432,0.95434,0.04762,5.00400018692017,0.596220076084137,0.553457796573639,0.42858037352562,1.39423859119415,0.0394391790032387,5.131,0.53,0.594,0.281,1.416,0.035,5.261,0.551,0.723,0.3,0.508,0.023
Latvia,Central and Eastern Europe,5.098,1.11312,0.72437,0.18226,1.09562,0.06332,5.56,1.21788,0.63952,0.17445,0.95025,0.0889,5.84999990463257,1.26074862480164,0.638566970825195,0.153074786067009,1.40471494197845,0.0738427266478539,5.933,1.148,0.671,0.092,1.454,0.066,5.94,1.187,0.812,0.075,0.264,0.064
Lebanon,Middle East and Northern Africa,4.839,1.02564,0.83947,0.21854,0.80001,0.04582,5.129,1.12268,0.76171,0.23693,0.64184,0.03061,5.22499990463257,1.07498753070831,0.73508107662200906,0.264450758695602,1.12962424755096,0.037513829767704,5.358,0.965,0.785,0.214,1.179,0.136,5.197,0.987,0.815,0.166,0.216,0.027
Liberia,Sub-Saharan Africa,4.571,0.0712,0.34201,0.24362,0.78968,0.06232,3.622,0.10706,0.23165,0.24063,0.50353,0.04852,3.53299999237061,0.119041793048382,0.229918196797371,0.26654988527298,0.872117936611176,0.0389482490718365,3.495,0.076,0.267,0.206,0.858,0.03,3.975,0.073,0.443,0.233,0.37,0.033
Libya,Middle East and Northern Africa,5.754,1.13145,0.7038,0.18295,1.11862,0.11023,5.615,1.06688,0.52304,0.17087,0.95076,0.10339,5.52500009536743,1.10180306434631,0.520169019699097,0.152073666453362,1.35756433010101,0.0926102101802826,5.566,0.985,0.553,0.116,1.35,0.148,5.525,1.044,0.673,0.133,0.416,0.152
Lithuania,Central and Eastern Europe,5.833,1.14723,0.73128,0.02641,1.25745,0.01031,5.813,1.2692,0.64674,0.02025,1.06411,0.0182,5.90199995040894,1.31458234786987,0.62894994020462,0.010164656676352,1.47351610660553,0.0118656428530812,5.952,1.197,0.716,0.026,1.527,0.006,6.149,1.238,0.818,0.043,0.291,0.042
Luxembourg,Western Europe,6.946,1.56391,0.91894,0.28034,1.21963,0.37798,6.871,1.69752,0.84542,0.27571,1.03999,0.35329,6.86299991607666,1.74194359779358,0.845089495182037,0.283180981874466,1.45758366584778,0.31883442401886,6.91,1.576,0.896,0.196,1.52,0.321,7.09,1.609,1.012,0.194,0.526,0.316
Madagascar,Sub-Saharan Africa,3.681,0.20824,0.46721,0.21333,0.66801,0.08124,3.695,0.27954,0.37109,0.2204,0.46115,0.07506,3.64400005340576,0.305808693170547,0.375223308801651,0.208732530474663,0.913020372390747,0.0672319754958153,3.774,0.262,0.402,0.155,0.908,0.049,3.933,0.274,0.555,0.169,0.148,0.041
Malawi,Sub-Saharan Africa,4.292,0.01604,0.22562,0.33128,0.41134,0.06977,4.156,0.08709,0.29364,0.30968,0.147,0.07564,3.97000002861023,0.233442038297653,0.315089583396912,0.287170469760895,0.512568831443787,0.0727116540074348,3.587,0.186,0.306,0.21,0.541,0.08,3.41,0.191,0.495,0.218,0.443,0.089
Malaysia,Southeastern Asia,5.77,1.12486,0.72394,0.33075,1.07023,0.10501,6.005,1.25142,0.62366,0.41474,0.88025,0.09081,6.08400011062622,1.29121541976929,0.618784427642822,0.416608929634094,1.28464603424072,0.0656007081270218,6.322,1.161,0.669,0.311,1.258,0.059,5.339,1.221,0.828,0.26,0.508,0.024
Mali,Sub-Saharan Africa,3.995,0.26074,0.20583,0.18798,1.03526,0.12352,4.073,0.31292,0.16347,0.21064,0.86333,0.13647,4.19000005722046,0.476180493831635,0.169365674257278,0.183354198932648,1.28147339820862,0.104970246553421,4.447,0.37,0.152,0.139,1.233,0.056,4.39,0.385,0.308,0.153,0.327,0.052
Malta,Western Europe,6.302,1.2074,0.88721,0.51752,1.30203,0.13586,6.488,1.30782,0.80315,0.56237,1.09879,0.17554,6.52699995040894,1.34327983856201,0.821944236755371,0.574730575084686,1.48841166496277,0.153066068887711,6.627,1.27,0.884,0.376,1.525,0.142,6.726,1.3,0.999,0.375,0.564,0.151
Mauritania,Sub-Saharan Africa,4.436,0.45407,0.35874,0.219,0.86908,0.17461,4.201,0.61391,0.28639,0.22686,0.84142,0.17955,4.29199981689453,0.648457288742065,0.285349279642105,0.201870024204254,1.2720308303833,0.13695700466632801,4.356,0.557,0.292,0.134,1.245,0.093,4.49,0.57,0.489,0.106,0.066,0.088
Mauritius,Sub-Saharan Africa,5.477,1.00761,0.7095,0.37744,0.98521,0.07521,5.648,1.14372,0.66189,0.36951,0.75695,0.05203,5.62900018692017,1.18939554691315,0.638007462024689,0.360933750867844,1.20956099033356,0.0421815551817417,5.891,1.09,0.684,0.245,1.387,0.05,5.888,1.12,0.798,0.215,0.498,0.06
Mexico,Latin America and Caribbean,7.187,1.02054,0.81444,0.14074,0.91451,0.21312,6.778,1.11508,0.71143,0.11735,0.7146,0.18355,6.57800006866455,1.15318381786346,0.709978997707367,0.120990432798862,1.210862159729,0.132774114608765,6.488,1.038,0.761,0.069,1.252,0.095,6.595,1.07,0.861,0.074,0.433,0.073
Moldova,Central and Eastern Europe,5.889,0.59448,0.61826,0.20951,1.01528,0.01615,5.897,0.69177,0.52309,0.19997,0.83132,0.01903,5.83799982070923,0.728870630264282,0.589465200901031,0.208779126405716,1.25182557106018,0.0100912861526012,5.64,0.657,0.62,0.171,1.301,0,5.529,0.685,0.739,0.181,0.245,0
Mongolia,Eastern Asia,4.874,0.82819,0.60268,0.3323,1.3006,0.02666,4.907,0.98853,0.55469,0.34539,1.08983,0.03285,4.95499992370605,1.02723586559296,0.557783484458923,0.338464230298996,1.4930112361908,0.0329022891819477,5.125,0.914,0.575,0.253,1.517,0.032,5.285,0.948,0.667,0.235,0.317,0.038
Montenegro,Central and Eastern Europe,5.192,0.97438,0.72521,0.1614,0.90557,0.14296,5.161,1.07838,0.63533,0.17191,0.74173,0.12721,5.23699998855591,1.12112903594971,0.667464673519135,0.197911024093628,1.23837649822235,0.0881741940975189,5.347,1.017,0.729,0.111,1.279,0.081,5.523,1.051,0.871,0.142,0.197,0.08
Morocco,Middle East and Northern Africa,5.013,0.73479,0.60954,0.07172,0.64095,0.08546,5.151,0.84058,0.59471,0.04053,0.38595,0.08404,5.2350001335144,0.878114581108093,0.59771066904068,0.0322099551558495,0.774864435195923,0.0877631828188896,5.254,0.779,0.669,0.026,0.797,0.074,5.208,0.801,0.782,0.036,0.418,0.076
Myanmar,Southeastern Asia,4.307,0.27108,0.48246,0.79588,0.70905,0.19034,4.395,0.34112,0.3988,0.81971,0.69981,0.20243,4.54500007629395,0.367110550403595,0.397522568702698,0.838075160980225,1.12323594093323,0.188816204667091,4.308,0.682,0.429,0.598,1.174,0.178,4.36,0.71,0.555,0.566,0.525,0.172
Nepal,Southern Asia,4.514,0.35997,0.56874,0.32296,0.86449,0.05907,4.793,0.44626,0.50073,0.3816,0.69699,0.07008,4.96199989318848,0.479820191860199,0.504130780696869,0.394096165895462,1.17928326129913,0.0729755461215973,4.88,0.425,0.539,0.302,1.228,0.078,4.913,0.446,0.677,0.285,0.439,0.089
Netherlands,Western Europe,7.378,1.32944,0.89284,0.4761,1.28017,0.31814,7.339,1.46468,0.81231,0.47416,1.02912,0.29927,7.3769998550415,1.50394463539124,0.810696125030518,0.470489829778671,1.42893922328949,0.282661825418472,7.441,1.361,0.878,0.333,1.488,0.295,7.488,1.396,0.999,0.322,0.557,0.298
New Zealand,Australia and New Zealand,7.286,1.25018,0.90837,0.47501,1.31967,0.42922,7.334,1.36066,0.83096,0.49401,1.17278,0.41904,7.31400012969971,1.40570604801178,0.816759705543518,0.500005125999451,1.54819512367249,0.382816702127457,7.324,1.268,0.876,0.365,1.601,0.389,7.307,1.303,1.026,0.33,0.585,0.38
Nicaragua,Latin America and Caribbean,5.828,0.59325,0.74314,0.27815,1.14184,0.19317,5.992,0.69384,0.65213,0.29773,0.89521,0.16292,6.07100009918213,0.737299203872681,0.653095960617065,0.301674216985703,1.28721570968628,0.130687981843948,6.141,0.668,0.7,0.208,1.319,0.128,6.105,0.694,0.835,0.2,0.435,0.127
Niger,Sub-Saharan Africa,3.845,0.0694,0.29707,0.19387,0.77265,0.15639,3.856,0.1327,0.26162,0.2097,0.6053,0.17176,4.02799987792969,0.161925330758095,0.26850500702858,0.228673845529556,0.993025004863739,0.138572946190834,4.166,0.131,0.221,0.175,0.867,0.099,4.628,0.138,0.366,0.188,0.318,0.102
Nigeria,Sub-Saharan Africa,5.268,0.65435,0.16007,0.27233,0.90432,0.0403,4.875,0.75216,0.05108,0.23219,0.64498,0.0305,5.07399988174438,0.783756256103516,0.0569157302379608,0.230947196483612,1.21577048301697,0.0261215660721064,5.155,0.689,0.048,0.201,1.172,0.032,5.265,0.696,0.245,0.215,0.426,0.041
Northern Cyprus,Western Europe,5.695,1.20806,0.92356,0.26169,1.07008,0.1428,5.771,1.31141,0.84142,0.26322,0.81826,0.16578,5.80999994277954,1.3469113111496,0.834647238254547,0.266845703125,1.18630337715149,0.155353352427483,5.835,1.229,0.909,0.179,1.211,0.154,5.718,1.263,1.042,0.191,0.417,0.162
Norway,Western Europe,7.522,1.459,0.88521,0.34699,1.33095,0.36503,7.498,1.57744,0.79579,0.37895,1.1269,0.35776,7.53700017929077,1.61646318435669,0.796666502952576,0.36201223731041,1.53352355957031,0.315963834524155,7.594,1.456,0.861,0.286,1.582,0.34,7.554,1.488,1.028,0.271,0.603,0.341
Pakistan,Southern Asia,5.194,0.59543,0.51466,0.33671,0.41411,0.10464,5.132,0.68816,0.40306,0.31185,0.26135,0.1388,5.26900005340576,0.72688353061676,0.402047783136368,0.315446019172668,0.672690689563751,0.124348066747189,5.472,0.652,0.424,0.216,0.81,0.113,5.653,0.677,0.535,0.22,0.313,0.098
Palestinian Territories,Middle East and Northern Africa,4.715,0.59867,0.66015,0.11251,0.92558,0.12905,4.754,0.67024,0.56844,0.11154,0.71629,0.10613,4.77500009536743,0.716249227523804,0.565666973590851,0.114173173904419,1.15564715862274,0.0892826020717621,4.743,0.642,0.602,0.086,1.217,0.076,4.696,0.657,0.672,0.103,0.225,0.066
Panama,Latin America and Caribbean,6.786,1.06353,0.79661,0.24434,1.1985,0.0927,6.701,1.18306,0.70835,0.2418,0.98912,0.08423,6.4520001411438,1.23374843597412,0.706156134605408,0.21055693924427,1.37319254875183,0.070983923971653,6.43,1.112,0.759,0.125,1.438,0.063,6.321,1.149,0.91,0.109,0.516,0.054
Paraguay,Latin America and Caribbean,5.878,0.75985,0.66098,0.3424,1.30477,0.08242,5.538,0.89373,0.58295,0.25296,1.11111,0.07396,5.49300003051758,0.932537317276001,0.579250693321228,0.224150657653809,1.50728487968445,0.091065913438797,5.681,0.835,0.615,0.162,1.522,0.074,5.743,0.855,0.777,0.184,0.514,0.08
Peru,Latin America and Caribbean,5.824,0.90019,0.73017,0.14982,0.97459,0.05989,5.743,0.99602,0.62994000000000006,0.14527,0.81255,0.05292,5.71500015258789,1.03522527217865,0.630166113376617,0.126819714903831,1.21877038478851,0.0470490865409374,5.663,0.934,0.674,0.092,1.249,0.034,5.697,0.96,0.854,0.083,0.455,0.027
Philippines,Southeastern Asia,5.073,0.70532,0.58114,0.24991,1.03516,0.12279,5.279,0.81217,0.47036,0.21674,0.87877,0.11757,5.42999982833862,0.85769921541214,0.468009054660797,0.193513423204422,1.25391757488251,0.0993318930268288,5.524,0.775,0.513,0.12,1.312,0.105,5.631,0.807,0.657,0.117,0.558,0.107
Poland,Central and Eastern Europe,5.791,1.12555,0.77903,0.16759,1.27948,0.04212,5.835,1.24585,0.69058,0.14443,1.04685,0.055,5.97300004959106,1.29178786277771,0.699475347995758,0.158465966582298,1.44571197032928,0.0593078061938286,6.123,1.176,0.781,0.108,1.448,0.064,6.182,1.206,0.884,0.117,0.483,0.05
Portugal,Western Europe,5.102,1.15991,0.87519,0.13719,1.13935,0.01078,5.123,1.27607,0.79363,0.11691,0.94367,0.01521,5.19500017166138,1.3151752948761,0.795843541622162,0.0951027125120163,1.36704301834106,0.0158694516867399,5.41,1.188,0.884,0.055,1.429,0.017,5.693,1.221,0.999,0.047,0.508,0.025
Qatar,Middle East and Northern Africa,6.611,1.69042,0.79733,0.32573,1.0786,0.52208,6.375,1.82427,0.71723,0.32388,0.87964,0.48049,6.375,1.87076568603516,0.710098087787628,0.330473870038986,1.27429687976837,0.439299255609512,6.374,1.649,0.748,0.256,1.303,0.171,6.374,1.684,0.871,0.22,0.555,0.167
Romania,Central and Eastern Europe,5.124,1.04345,0.7689,0.13748,0.88588,0.00649,5.528,1.1697,0.67602,0.12889,0.72803,0.00679,5.82499980926514,1.21768391132355,0.685158312320709,0.133519917726517,1.15009129047394,0.00438790069893003,5.945,1.116,0.726,0.088,1.219,0.001,6.07,1.162,0.825,0.083,0.462,0.005
Russia,Central and Eastern Europe,5.716,1.13764,0.66926,0.00199,1.23617,0.03005,5.856,1.23228,0.58991,0.02736,1.05261,0.03586,5.96299982070923,1.28177809715271,0.547349333763123,0.0522638224065304,1.46928238868713,0.0329628810286522,5.81,1.151,0.599,0.065,1.479,0.025,5.648,1.183,0.726,0.082,0.334,0.031
Rwanda,Sub-Saharan Africa,3.465,0.22208,0.42864,0.22628,0.7737,0.55191,3.515,0.32846,0.31865,0.23552,0.61586,0.50521,3.47099995613098,0.368745893239975,0.326424807310104,0.252756029367447,0.945707023143768,0.455220013856888,3.408,0.332,0.4,0.2,0.896,0.444,3.334,0.359,0.614,0.217,0.555,0.411
Saudi Arabia,Middle East and Northern Africa,6.411,1.39541,0.72025,0.13706,1.08393,0.32524,6.379,1.48953,0.59267,0.15457,0.84829,0.30008,6.3439998626709,1.53062355518341,0.590148329734802,0.147616013884544,1.28667759895325,0.27343225479126,6.371,1.379,0.633,0.098,1.331,0.127,6.375,1.403,0.795,0.08,0.439,0.132
Senegal,Sub-Saharan Africa,3.904,0.36498,0.4354,0.20843,0.97619,0.10713,4.219,0.44314,0.40457,0.19103,0.77416,0.11681,4.53499984741211,0.479309022426605,0.409362852573395,0.183468893170357,1.17969191074371,0.115460447967052,4.631,0.429,0.433,0.138,1.117,0.082,4.681,0.45,0.571,0.153,0.292,0.072
Serbia,Central and Eastern Europe,5.123,0.92053,0.74836,0.19231,1.00964,0.02617,5.177,1.03437,0.6458,0.20737,0.81329,0.04339,5.39499998092651,1.06931757926941,0.65078467130661,0.220125883817673,1.25818979740143,0.0409037806093693,5.398,0.975,0.685,0.134,1.369,0.043,5.603,1.004,0.854,0.137,0.282,0.039
Sierra Leone,Sub-Saharan Africa,4.507,0.33024,0,0.21488,0.95571,0.08786,4.635,0.36485,0,0.23897,0.628,0.08196,4.70900011062622,0.36842092871666,0.00556475389748812,0.293040901422501,0.984136044979095,0.0710951760411263,4.571,0.256,0,0.238,0.813,0.053,4.374,0.268,0.242,0.252,0.309,0.045
Singapore,Southeastern Asia,6.798,1.52186,1.02525,0.31105,1.02,0.4921,6.739,1.64555,0.94719,0.32706,0.86758,0.46987,6.57200002670288,1.69227766990662,0.949492394924164,0.345965981483459,1.35381436347961,0.46430778503418,6.343,1.529,1.008,0.261,1.451,0.457,6.262,1.572,1.141,0.271,0.556,0.453
Slovakia,Central and Eastern Europe,5.995,1.16891,0.78902,0.16893,1.26999,0.03431,6.078,1.27973,0.70367,0.13837,1.08268,0.02947,6.09800004959106,1.32539355754852,0.712732911109924,0.136544480919838,1.50505924224854,0.0242108516395092,6.173,1.21,0.776,0.118,1.537,0.014,6.198,1.246,0.881,0.121,0.334,0.014
Slovenia,Central and Eastern Europe,5.848,1.18498,0.87337,0.25328,1.27385,0.03787,5.768,1.29947,0.79151,0.25738,1.05613,0.03635,5.75799989700317,1.3412059545517,0.790828227996826,0.242649093270302,1.45251882076263,0.0451289787888527,5.948,1.219,0.856,0.16,1.506,0.051,6.118,1.258,0.953,0.144,0.564,0.057
South Africa,Sub-Saharan Africa,4.642,0.92049,0.27688,0.11973,1.18468,0.08884,4.459,1.02416,0.18611,0.13656,0.96053,0.08415,4.8289999961853,1.05469870567322,0.187080070376396,0.139362379908562,1.38478863239288,0.0725094974040985,4.724,0.94,0.33,0.103,1.41,0.056,4.722,0.96,0.469,0.13,0.389,0.055
South Korea,Eastern Asia,5.984,1.24461,0.96538,0.18557,0.95774,0.07857,5.835,1.35948,0.88645,0.18824,0.72194,0.07716,5.83799982070923,1.40167844295502,0.900214076042175,0.206674367189407,1.12827444076538,0.0632826685905457,5.875,1.266,0.955,0.175,1.204,0.051,5.895,1.301,1.036,0.175,0.159,0.056
Spain,Western Europe,6.329,1.23011,0.95562,0.18227,1.31379,0.06398,6.361,1.34253,0.87896,0.17665,1.12945,0.06137,6.40299987792969,1.38439786434174,0.888960599899292,0.190133571624756,1.53209090232849,0.0709140971302986,6.31,1.251,0.965,0.142,1.538,0.074,6.354,1.286,1.062,0.153,0.362,0.079
Sri Lanka,Southern Asia,4.271,0.83524,0.70806,0.40828,1.01905,0.09179,4.415,0.97318,0.62007,0.46978,0.84783,0.07964,4.44000005722046,1.00985014438629,0.625130832195282,0.490863561630249,1.25997638702393,0.0736539661884308,4.471,0.918,0.672,0.307,1.314,0.05,4.366,0.949,0.831,0.244,0.47,0.047
Sweden,Western Europe,7.364,1.33171,0.91087,0.36262,1.28907,0.43844,7.291,1.45181,0.83121,0.38254,1.08764,0.40867,7.28399991989136,1.49438726902008,0.830875158309937,0.385399252176285,1.47816216945648,0.384398728609085,7.314,1.355,0.913,0.285,1.501,0.383,7.343,1.387,1.009,0.267,0.574,0.373
Switzerland,Western Europe,7.587,1.39651,0.94143,0.29678,1.34951,0.41978,7.509,1.52733,0.86303,0.28083,1.14524,0.41203,7.49399995803833,1.56497955322266,0.858131289482117,0.290549278259277,1.51691174507141,0.367007285356522,7.487,1.42,0.927,0.256,1.549,0.357,7.48,1.452,1.052,0.263,0.572,0.343
Syria,Middle East and Northern Africa,3.006,0.6632,0.72193,0.47179,0.47489,0.18906,3.069,0.74719,0.62994000000000006,0.48397,0.14866,0.17233,3.46199989318848,0.777153134346008,0.50053334236145,0.493663728237152,0.396102607250214,0.151347130537033,3.462,0.689,0.539,0.376,0.382,0.144,3.462,0.619,0.44,0.331,0.013,0.141
Taiwan,Eastern Asia,6.298,1.29098,0.8753,0.25376,1.07617,0.08129,6.379,1.39729,0.79565,0.25495,0.92624,0.0663,6.42199993133545,1.43362653255463,0.793984234333038,0.258360475301743,1.38456535339355,0.0638292357325554,6.441,1.365,0.857,0.151,1.436,0.078,6.446,1.368,0.914,0.242,0.351,0.097
Tajikistan,Central and Eastern Europe,4.786,0.39047,0.57379,0.22974,0.85563,0.15072,4.996,0.48835,0.53119,0.25998,0.75602,0.13509,5.04099988937378,0.524713635444641,0.529235124588013,0.248997643589973,1.27146327495575,0.146377146244049,5.199,0.474,0.598,0.187,1.166,0.034,5.467,0.493,0.718,0.23,0.389,0.144
Tanzania,Sub-Saharan Africa,3.781,0.2852,0.38215,0.34377,1.00268,0.05747,3.666,0.47155,0.357,0.31472,0.77623,0.05099,3.34899997711182,0.511135876178741,0.364509284496307,0.354256361722946,1.04198980331421,0.0660351067781448,3.303,0.455,0.381,0.27,0.991,0.097,3.231,0.476,0.499,0.276,0.417,0.147
Thailand,Southeastern Asia,6.455,0.9669,0.7385,0.5763,1.26504,0.03187,6.474,1.0893,0.64915,0.58696,1.04477,0.02833,6.42399978637695,1.12786877155304,0.647239029407501,0.572123110294342,1.42579245567322,0.0316127352416515,6.072,1.016,0.707,0.364,1.417,0.029,6.008,1.05,0.828,0.359,0.557,0.028
Togo,Sub-Saharan Africa,2.839,0.20868,0.28443,0.16681000000000001,0.13995,0.10731,3.303,0.28123,0.24811,0.17517,0,0.11587,3.49499988555908,0.305444717407227,0.247105568647385,0.196896150708199,0.431882530450821,0.0956650152802467,3.999,0.259,0.253,0.158,0.474,0.101,4.085,0.275,0.41,0.177,0.293,0.085
Trinidad and Tobago,Latin America and Caribbean,6.168,1.21183,0.61483,0.31844,1.18354,0.0114,6.168,1.32572,0.52608,0.31935,0.98569,0.01241,6.16800022125244,1.36135590076447,0.519983291625977,0.325296461582184,1.3802285194397,0.00896481610834599,6.192,1.223,0.564,0.171,1.492,0.019,6.192,1.231,0.713,0.185,0.489,0.016
Tunisia,Middle East and Northern Africa,4.739,0.88113,0.73793,0.06431,0.60429,0.06358,5.045,0.97724,0.59577,0.03936,0.43165,0.0817,4.80499982833862,1.00726580619812,0.613212049007416,0.0496933571994305,0.868351459503174,0.0867231488227844,4.592,0.9,0.69,0.04,0.906,0.063,4.461,0.921,0.815,0.059,0.167,0.055
Turkey,Middle East and Northern Africa,5.332,1.06098,0.73172,0.12253,0.94632,0.15746,5.389,1.16492,0.64718,0.04707,0.87717,0.12348,5.5,1.19827437400818,0.637605607509613,0.0466930419206619,1.33775317668915,0.0996715798974037,5.483,1.148,0.686,0.106,1.38,0.109,5.373,1.183,0.808,0.083,0.195,0.106
Turkmenistan,Central and Eastern Europe,5.548,0.95847,0.53886,0.16979,1.22668,0.30844,5.658,1.08017,0.44006,0.22567,1.03817,0.28467,5.82200002670288,1.13077676296234,0.437726080417633,0.24992498755455,1.49314916133881,0.259270340204239,5.636,1.016,0.517,0.199,1.533,0.037,5.247,1.052,0.657,0.244,0.394,0.028
Uganda,Sub-Saharan Africa,3.931,0.21102,0.33861,0.29066,1.13299,0.07267,3.739,0.34719,0.19625,0.27102,0.90981,0.06442,4.08099985122681,0.381430715322495,0.217632606625557,0.325766056776047,1.12982773780823,0.057069718837738,4.161,0.322,0.237,0.259,1.09,0.061,4.189,0.332,0.443,0.252,0.356,0.06
Ukraine,Central and Eastern Europe,4.681,0.79907,0.6739,0.15275,1.20278,0.02961,4.324,0.87287,0.58628,0.20363,1.01413,0.01829,4.09600019454956,0.89465194940567,0.575903952121735,0.270061463117599,1.39453756809235,0.0230294708162546,4.103,0.793,0.609,0.187,1.413,0.011,4.332,0.82,0.739,0.187,0.178,0.01
United Kingdom,Western Europe,6.867,1.26637,0.90943,0.51912,1.28548,0.32067,6.725,1.40283,0.80991,0.50156,1.08672,0.27399,6.71400022506714,1.44163393974304,0.805335938930511,0.492774158716202,1.49646008014679,0.265428066253662,7.19,1.244,0.888,0.262,1.433,0.082,7.054,1.333,0.996,0.348,0.45,0.278
United States,North America,7.119,1.39451,0.86179,0.40105,1.24711,0.1589,7.104,1.50796,0.779,0.41077,1.04782,0.14868,6.99300003051758,1.54625928401947,0.77428662776947,0.392578780651093,1.41992056369781,0.135638788342476,6.886,1.398,0.819,0.291,1.471,0.133,6.892,1.433,0.874,0.28,0.454,0.128
Uruguay,Latin America and Caribbean,6.485,1.06166,0.8116,0.2324,1.2089,0.24558,6.545,1.18157,0.72183,0.18056,1.03143,0.21394,6.4539999961853,1.21755969524384,0.719216823577881,0.175096929073334,1.41222786903381,0.178061872720718,6.379,1.093,0.771,0.13,1.459,0.155,6.293,1.124,0.891,0.127,0.523,0.15
Uzbekistan,Central and Eastern Europe,6.003,0.63244,0.59772,0.22837,1.34043,0.30826,5.987,0.73591,0.50163,0.34326,1.1681,0.28333,5.97100019454956,0.786441087722778,0.498272627592087,0.415983647108078,1.54896914958954,0.246528223156929,6.096,0.719,0.605,0.328,1.584,0.259,6.174,0.745,0.756,0.322,0.631,0.24
Venezuela,Latin America and Caribbean,6.81,1.04424,0.72052,0.05841,1.25596,0.11069,6.084,1.13367,0.61904,0.0425,1.03302,0.08304,5.25,1.12843120098114,0.617144227027893,0.0650196298956871,1.43133759498596,0.0644911229610443,4.806,0.996,0.657,0.056,1.469,0.052,4.707,0.96,0.805,0.064,0.154,0.047
Vietnam,Southeastern Asia,5.36,0.63216,0.74676,0.1686,0.91226,0.10441,5.061,0.74037,0.66157,0.25075,0.79117,0.11556,5.07399988174438,0.788547575473785,0.652168989181519,0.234968051314354,1.27749133110046,0.0876332372426987,5.103,0.715,0.702,0.177,1.365,0.079,5.175,0.741,0.851,0.147,0.543,0.073
Yemen,Middle East and Northern Africa,4.077,0.54649,0.40064,0.09131,0.68093,0.07854,3.724,0.57939,0.31048,0.09821,0.47493,0.05892,3.59299993515015,0.591683447360992,0.310080915689468,0.104125209152699,0.93538224697113,0.0567674227058887,3.355,0.442,0.343,0.083,1.073,0.064,3.38,0.287,0.463,0.108,0.143,0.077
Zambia,Sub-Saharan Africa,5.129,0.47038,0.29924,0.19591,0.91612,0.12468,4.795,0.61202,0.23573,0.17866,0.6376,0.11479,4.51399993896484,0.636406779289246,0.257835894823074,0.249580144882202,1.00318729877472,0.0782135501503944,4.377,0.562,0.295,0.221,1.047,0.082,4.107,0.578,0.426,0.247,0.431,0.087
Zimbabwe,Sub-Saharan Africa,4.61,0.271,0.33475,0.18987,1.03276,0.08079,4.193,0.35041,0.1595,0.18503,0.71478,0.08582,3.875,0.375846534967422,0.196763753890991,0.189143493771553,1.08309590816498,0.0953753814101219,3.692,0.357,0.248,0.132,1.094,0.099,3.663,0.366,0.433,0.151,0.361,0.089
